id,first_name,last_name,email,phone,address,city,state,zip,company_id,role,created_at
1,Leigh,Stoltenberg,Margarita_Crist65@yahoo.com,(326) 217-1620,78836 Elda Turnpike,North Cordeliatown,GA,48832-3526,1,VP of Giving,2022-06-16
2,Traci,Stroman,Hermina_Littel25@hotmail.com,(895) 320-9152,6820 Stella Track,Laynechester,FL,43501-7062,2,VP of Giving,2022-05-03
3,Eleonore,Olson,Allan.Bechtelar@yahoo.com,(810) 746-4287,353 Terrance Cove,Kenner,GA,87866-8242,3,Accounts Payable,2025-12-04
4,Tiana,Von,Timothy_Krajcik84@gmail.com,(805) 310-6370,57368 Feest Brook,Anchorage,UT,97937-4468,4,Program Officer,2025-11-27
5,Natalie,Hermann,Angelina21@gmail.com,(804) 994-6192,665 Charles Extension,Port Federicoton,WI,99137-6182,5,Executive Director,2021-05-05
6,Audie,Christiansen,Raleigh.Bogisich37@yahoo.com,(740) 360-8445,465 Shakira Spring,Starkhaven,OK,66671-8808,6,VP of Giving,2020-10-09
7,Roland,Adams,Lonny10@gmail.com,(693) 791-9603,153 Bayer Trace,West Sacramento,PA,70034,7,Accounts Payable,2024-08-15
8,Yvette,Cruickshank,Bernard_Goodwin@yahoo.com,(946) 529-4822,63849 Santiago Shoals,Sporerfort,NY,09674,8,CSR Manager,2020-09-14
9,Dallas,McCullough,Jackie.Huel60@gmail.com,(787) 241-2914,7503 Bogisich Groves,North Gracielaville,NH,82116-7090,9,Corporate Contact,2023-04-01
10,Prince,Block,Izaiah.Reynolds6@yahoo.com,(382) 931-7645,399 Dooley Port,North Dessieport,UT,74339-0854,10,CSR Manager,2024-05-08
11,Hellen,Veum,Mozelle23@gmail.com,(384) 384-5351,9263 Chapel Close,Kingsport,ID,15384,11,VP of Giving,2021-06-29
12,Clay,Olson,Kyla.Brown@hotmail.com,(901) 593-5019,196 Maple Street,Jeffreychester,CT,37269,12,CSR Manager,2020-07-24
13,Charlie,Welch,Santina_Waters67@yahoo.com,(736) 269-0948,678 Hansen Point,Rosemead,SC,81503,13,CSR Manager,2022-03-14
14,Israel,Farrell,Lilian_Stracke47@gmail.com,(433) 656-7879,20682 Barn Close,Glendale,CO,22385,14,Accounts Payable,2021-11-13
15,Harvey,Parker,Benny.Windler@gmail.com,(269) 688-2264,932 East Avenue,Irving,ND,64517,15,CSR Manager,2025-03-06
16,Margaret,Feeney,Willie71@hotmail.com,(911) 752-0081,33050 E Broad Street,Shanellefurt,NE,36965,16,Foundation Contact,2024-05-20
17,Vernice,Douglas,Olive_Schinner@hotmail.com,(399) 685-6071,870 Dexter Harbors,Fort Kayceeborough,MD,65949,17,VP of Giving,2025-02-09
18,Roland,Stroman,Benny.Powlowski@yahoo.com,(818) 946-7153,40019 Wintheiser Keys,New Idell,CO,26610-7409,18,Foundation Contact,2020-05-06
19,Cedric,Bradtke,Yvette_Haag@yahoo.com,(384) 334-8770,5027 Kaia Expressway,East Wernerfield,WV,15480,19,CSR Manager,2022-12-06
20,Jarrod,Koelpin,Pansy.Kertzmann84@yahoo.com,(946) 786-6051,560 Michelle Centers,North Verncester,LA,37611,20,Foundation Contact,2020-08-03
21,Alex,Grimes-Runte,Camille4@hotmail.com,(829) 657-8613,334 Moore Views,North Clint,VT,28889-2748,21,CSR Manager,2024-05-15
22,Julian,Baumbach,Rebeca_Spencer@gmail.com,(625) 786-7140,79048 Kaylee Ridges,Dibbertbury,SC,07072-9331,22,Executive Director,2021-10-31
23,Israel,Medhurst,Abdullah.Schimmel@hotmail.com,(705) 656-6828,1037 Tennyson Road,Ignacioville,KY,02579,23,Program Officer,2025-08-07
24,Pablo,Spencer,Christina.Balistreri83@hotmail.com,(629) 448-8184,2074 Renner Run,New Briannefort,NC,00222-9227,24,CSR Manager,2022-09-12
25,Ana,Conn,Stella_Windler93@hotmail.com,(527) 926-1549,4112 Rowena Mount,Bethelhaven,OR,75044,25,Executive Director,2020-12-29
26,Jaleel,Little,Jaeden.Douglas16@gmail.com,(852) 988-2497,14954 Madisyn Squares,Port Violet,HI,27567-3951,26,Program Officer,2024-03-05
27,Susie,Connelly-Douglas,Camylle_Boehm@gmail.com,(949) 761-8410,5780 County Road,Severn,NV,34843-4831,27,Executive Director,2024-04-09
28,Casey,Rohan,Rufus32@hotmail.com,(218) 382-6653,13698 Tennyson Road,Gibsonside,ND,14485-3914,28,Executive Director,2020-04-02
29,Santos,Romaguera,Molly11@yahoo.com,(602) 243-5227,98658 Arielle Ferry,Bartonstead,WY,50851-0968,29,Executive Director,2025-04-10
30,Erick,Mills,Lonnie_Ferry@yahoo.com,(569) 675-6023,1129 Jaylen Drives,Goyetteberg,MT,02013,30,CSR Manager,2024-10-25
31,Grady,Bruen,Jeremy.Cole-Goodwin@hotmail.com,(976) 489-8060,16613 Hills Course,Nevaton,CA,96635,,Event Attendee,2020-01-23
32,Mittie,Bergstrom,Jeanne.Mayert@hotmail.com,(476) 864-6237,8889 Hamill Orchard,New Megane,OH,14183,,Foundation Contact,2020-12-04
33,Janet,Moen,Jacinto50@hotmail.com,(500) 510-7429,93868 Ferry Road,Henderson,MD,51557,20,CSR Manager,2025-01-01
34,Annie,Wisoky,Broderick99@hotmail.com,(656) 330-4529,758 Pattie Court,Gorczanyside,WV,49485,,Volunteer,2022-04-02
35,Katherine,Wuckert,Kiera43@hotmail.com,(908) 556-9046,712 Schneider Forge,Fort Adela,WY,82078-7177,7,Executive Director,2023-12-14
36,Jeremiah,Jaskolski,Renee_Wilkinson29@gmail.com,(677) 204-2228,493 Fahey Pine,New Rochelle,LA,18545-6062,,Corporate Contact,2024-04-13
37,Cedric,Kunze,Amos_Abbott4@gmail.com,(708) 227-3132,378 Vandervort Highway,Bloomington,OH,36701,,Corporate Contact,2024-04-11
38,Maynard,Sauer,Vanessa.Koch@hotmail.com,(274) 882-6482,621 Ritchie Gardens,Huelscester,GA,23015-2803,,Foundation Contact,2022-01-09
39,Kristie,Kohler,Elvis_Lebsack12@yahoo.com,(881) 402-7533,36980 Sycamore Close,Kochview,KS,22474,4,Accounts Payable,2020-05-06
40,Karlee,Hickle,Mabel_Corkery@gmail.com,(723) 924-8701,64195 Jevon Port,West Raeport,NV,01420,,Foundation Contact,2025-01-23
41,Virgil,Ziemann-Rath,Ignacio19@yahoo.com,(999) 697-1472,6157 Anderson Avenue,Fort Danyka,NY,38704,,Corporate Contact,2020-03-04
42,Jacquelyn,Bayer-Rowe,Terrill_Hermiston@hotmail.com,(462) 391-5200,82954 Larson Row,West Skylar,WV,47442-5138,,Staff,2021-03-29
43,Rodolfo,Powlowski,Shaun12@yahoo.com,(245) 292-3320,926 University Avenue,Ellaborough,OK,13989-7356,3,Program Officer,2020-06-20
44,Krystel,Gleason,Noah93@hotmail.com,(774) 967-8281,4987 Nelson Street,Linden,MD,77308,,Staff,2020-01-26
45,Mildred,Wisoky,Sallie13@gmail.com,(332) 867-2658,160 Green Freeway,New Estella,OR,07246,,Foundation Contact,2021-12-29
46,Lora,Rolfson,Jennifer.Leannon97@gmail.com,(577) 533-2242,69600 Forest Avenue,New Lindsayfurt,IN,92676,12,Program Officer,2021-11-16
47,Chris,Tillman,Marilou45@gmail.com,(581) 791-0407,424 16th Street,Lesliefurt,IL,01870-2222,18,Program Officer,2020-05-17
48,Armando,Schneider,Dallas_Ritchie@yahoo.com,(955) 438-6746,74469 Reuben Forks,Alanaboro,MT,49174,,Staff,2023-12-07
49,Marsha,Pfannerstill,Edith82@gmail.com,(499) 435-9813,5186 Victoria Place,Kesslerfurt,FL,16211-0775,5,Foundation Contact,2020-12-19
50,Freddie,Leannon,Isabel_Willms@hotmail.com,(556) 715-4865,61316 Giuseppe Turnpike,New Heaven,AL,04566-2075,1,Foundation Contact,2025-01-06
51,Penny,Steuber,Iris.Doyle@yahoo.com,(690) 703-8495,23303 Reichert Plains,Adamsburgh,ND,08750,,Corporate Contact,2024-08-07
52,Josh,Mraz,Sophia65@yahoo.com,(661) 572-2322,9510 Johnson Street,Palm Harbor,SC,62963,,Corporate Contact,2021-08-13
53,Marshall,Rowe,Freeda.Gerlach87@gmail.com,(606) 488-3998,350 Zoila Glen,Schoenhaven,WY,04103,21,Foundation Contact,2024-09-13
54,Albert,Ruecker,Ken99@gmail.com,(573) 359-9352,968 Orchard Lane,South Margueritechester,ME,15666-2165,,Volunteer,2021-01-28
55,Cecelia,Monahan,Victor.Jacobson57@yahoo.com,(955) 400-4068,628 Crown Street,Grantfield,WY,86948,,Program Participant,2020-05-16
56,Royal,Howe,Juana97@gmail.com,(942) 832-2123,128 Eveline Throughway,North Jazmynboro,NH,15516-2404,,Individual Donor,2021-11-02
57,Muriel,Sanford,Sabrina48@yahoo.com,(548) 484-3471,91554 Fay Mission,Lake Brown,NH,22182,,Individual Donor,2025-07-25
58,Rachael,Lynch,Matthew.Swift26@yahoo.com,(876) 814-3049,32294 Rowe Crest,Hiltonstead,WY,38102-3569,,Event Attendee,2023-01-22
59,Ian,Bailey,Muriel37@hotmail.com,(571) 826-5930,85723 Vida Point,East Orange,NM,38987-2290,,Individual Donor,2024-04-18
60,Floyd,Gibson,Christopher.Berge@hotmail.com,(394) 624-6775,870 Coy Plaza,Groverside,VT,36211-3481,,Event Attendee,2024-05-29
61,Lori,Carroll,Otis65@hotmail.com,(530) 881-5419,15706 Brakus Curve,Elenorshire,SD,29430-0642,,Volunteer,2023-09-07
62,Jason,Schoen,Joyce80@gmail.com,(543) 919-6504,2695 Bedford Road,Bettyefurt,WA,03548-8632,18,Accounts Payable,2020-08-20
63,Anthony,Crona,Christy73@yahoo.com,(389) 966-4756,7818 Sporer Keys,Fort Demario,TX,53530,,Program Participant,2021-08-19
64,Ezequiel,West,Wilson12@hotmail.com,(362) 454-1147,131 Maiya Parks,East Albertahaven,WI,28940,30,Program Officer,2020-03-27
65,Adelle,Bauch,Karl_Goldner@hotmail.com,(248) 822-8904,8027 Jeramy Knolls,South Justice,FL,87112-3460,,Program Participant,2020-03-17
66,Destiny,Gulgowski,Maryann15@gmail.com,(462) 291-9976,8246 Keebler Glens,Rowanberg,WA,85708-0892,,Staff,2021-04-06
67,Calvin,Stamm,Lee.Keebler76@gmail.com,(726) 720-1680,449 Jameson Branch,West Alenafurt,MI,12690-8555,,Volunteer,2020-06-01
68,Cedric,Leffler,Mariana.Grimes27@yahoo.com,(765) 273-6531,89614 Stoney Lane,North Merrittbury,IL,58955,19,Accounts Payable,2020-07-05
69,Derrick,Boyer,Jordan.McCullough-Schulist@gmail.com,(763) 361-5677,576 Alden Forges,Lexushaven,GA,91455,,Program Participant,2020-07-07
70,Lynn,Kuphal,Lydia_McCullough@yahoo.com,(517) 639-0307,363 Maple Street,Tracyburgh,CT,93035-1694,4,CSR Manager,2022-02-16
71,Glenn,O'Conner,Lynn_Kreiger@gmail.com,(413) 372-0558,4850 Upton Inlet,East Camron,MI,09758-0468,,Individual Donor,2024-09-13
72,Charlie,Jakubowski,Margaretta.Wiegand98@hotmail.com,(821) 563-0593,40885 Schmidt Motorway,Oak Park,SC,49562-6510,29,Corporate Contact,2023-08-17
73,Arlie,Denesik,Jacquelyn_Hoppe@gmail.com,(205) 685-9000,56098 Arely Curve,North Joshuahburgh,LA,69135-0066,,Event Attendee,2022-06-19
74,Claudia,Miller-Rempel,Beverly47@gmail.com,(223) 892-8823,9173 Locust Street,Rileyfield,UT,61454,,Program Participant,2023-02-12
75,Carlton,Thompson,Freddie.Johnson@yahoo.com,(345) 627-0375,75776 Cole Flats,Lavonnemouth,IA,42705,,Board Member,2025-08-25
76,Hadley,Dietrich,Sigrid_Keeling@gmail.com,(321) 335-5460,25224 2nd Street,Ortizfield,WA,18456,15,Corporate Contact,2024-01-28
77,Sheldon,Treutel,Shari_Fisher76@gmail.com,(529) 793-7769,2675 Joannie Garden,Lulafort,ID,21793,,Foundation Contact,2024-07-04
78,Garry,Kuhic,Renee_Stokes76@gmail.com,(796) 456-5138,293 Rolfson Spurs,Florissant,TX,77628,,Corporate Contact,2021-01-05
79,Clayton,Dickens,Jaime83@yahoo.com,(738) 714-8096,3292 Kings Highway,North Karlworth,ME,35485,22,VP of Giving,2023-01-18
80,Laurie,Schaden,Heaven_Rolfson@gmail.com,(949) 402-4209,711 Mittie Viaduct,Blaisemouth,LA,67109,30,Foundation Contact,2021-05-25
81,Evan,Lang,Raul_Kub-Yost@yahoo.com,(980) 730-4283,132 Anne Divide,Einarview,ME,94319-0223,6,Corporate Contact,2020-12-26
82,Austin,Schuster,Delia51@hotmail.com,(998) 912-2335,71357 Railroad Street,New Ashleighbury,MA,29930,,Individual Donor,2021-01-27
83,Bernard,Ryan,Chad_Torphy80@hotmail.com,(436) 415-8311,36663 Depot Street,Presleyberg,CO,36063-0623,,Foundation Contact,2020-06-25
84,Jeffrey,Walter,Patrick_Luettgen19@gmail.com,(933) 839-7580,52794 Willms Knolls,Felipaside,NH,83483-7967,9,Corporate Contact,2024-10-30
85,Maryann,Hermiston,Karlie21@hotmail.com,(794) 585-7241,10926 N Railroad Street,Lake Laylacester,RI,53608-1385,,Program Participant,2022-05-12
86,Ashly,Davis,Kaia.Effertz@hotmail.com,(864) 979-5207,35561 Morissette Walks,Walkerfort,NJ,66645,,Corporate Contact,2022-01-03
87,Bert,Kessler,Tomas_Harber@gmail.com,(490) 674-0956,54018 Cleo Loop,Bergestead,CO,08104,,Board Member,2025-01-24
88,Khalid,Breitenberg,Virginie_Mills@hotmail.com,(547) 439-0496,3385 Bradtke Bridge,Hampton,NM,69515,13,Corporate Contact,2024-08-06
89,Linda,Douglas,Elise.Krajcik61@yahoo.com,(441) 921-2745,14880 Veum Hills,Cambridge,WA,96392-3779,,Foundation Contact,2021-03-24
90,Erika,Nolan-Raynor,Houston32@yahoo.com,(564) 720-2413,1581 Ondricka Junction,Jenkinsmouth,AL,60394-5975,,Staff,2024-10-14
91,Vicki,Stracke,Jasmine5@hotmail.com,(624) 831-1274,23939 Daugherty Tunnel,Melynaworth,AZ,72100,,Program Participant,2024-08-24
92,Paulette,Trantow,Gordon92@hotmail.com,(642) 915-2249,60145 Emie Circles,Fort Tyrel,KY,90890-1950,15,CSR Manager,2021-07-18
93,Edna,Jakubowski,Jessie51@gmail.com,(637) 333-4747,4822 Gibson Avenue,Langoshport,WI,81585-7304,,Staff,2022-05-14
94,Dell,Wisoky,Melanie.Bechtelar@hotmail.com,(443) 339-4459,77606 Laury Road,Port Alexander,TX,21901,,Board Member,2022-02-01
95,Dora,Purdy,Violet.Flatley31@gmail.com,(678) 836-3070,3673 First Street,Monachester,WY,66917,,Event Attendee,2023-05-30
96,Keven,Bechtelar,Connie13@gmail.com,(871) 887-1685,5506 Howell Forks,Brentchester,SC,11854,15,Accounts Payable,2020-08-21
97,Arch,Gerhold,Toni.Quitzon73@gmail.com,(739) 429-0678,908 O'Conner Courts,Wunschside,MI,38740,,Corporate Contact,2022-07-24
98,Jon,Hessel-Kris,Micheal_Cassin@hotmail.com,(884) 506-8248,351 Tamara Square,Beattyhaven,MI,50751,,Foundation Contact,2021-02-16
99,Andy,Hansen,Alfred_McClure67@hotmail.com,(411) 789-6118,6778 Neha Streets,Lake Emelia,WV,51712,2,CSR Manager,2022-12-19
100,Jevon,O'Connell,Lauren.King98@gmail.com,(435) 492-8169,94963 Ellie Cliffs,North Hendersonfield,DE,61019,,Board Member,2024-12-05
101,Marjolaine,Batz,Riley97@hotmail.com,(727) 279-3644,79918 E Main,West Tanyafurt,OR,70361,,Staff,2024-12-09
102,Alberto,Schuppe,Marlene13@yahoo.com,(912) 228-3039,4198 Anthony Cape,New Titomouth,TX,77136,20,Accounts Payable,2020-06-03
103,Roland,Mertz,Loma.Botsford87@yahoo.com,(373) 619-8847,10545 Henderson Rest,Mosheburgh,SD,22684-2864,,Event Attendee,2022-12-05
104,Jerald,Schmidt,Jeramie33@hotmail.com,(665) 330-6472,49745 Winfield Plaza,New Berneice,WI,62776,19,Accounts Payable,2023-09-08
105,Willie,Paucek,Janice_Thiel@gmail.com,(268) 317-6063,7849 Rutherford Loaf,Towson,CA,87288-2901,,Individual Donor,2023-03-24
106,Alvah,Mante,Adonis.Kutch@yahoo.com,(841) 718-6195,62889 Klocko Route,New Karsonland,MA,80028-1716,,Staff,2022-02-19
107,Nick,Streich,Cheryl81@hotmail.com,(695) 584-4488,3452 Monroe Street,North Davon,WV,14303,,Board Member,2023-04-07
108,Gaston,Koch,Alaina20@yahoo.com,(281) 837-3911,1199 Walker Mills,Lake Mafalda,WY,60109,,Volunteer,2024-10-24
109,Erin,Lindgren,Janice.Schmitt36@gmail.com,(971) 646-9550,20771 Church Path,East Gaetano,IL,49010,,Event Attendee,2023-10-03
110,Cecilia,Medhurst,Alanis14@gmail.com,(779) 712-8207,9609 Ettie Island,South Bradview,LA,81331-7713,26,VP of Giving,2020-08-19
111,Giovani,Luettgen,Luis_Trantow@gmail.com,(776) 377-0413,45668 Blaze Summit,Fort Rooseveltmouth,WY,36390,,Individual Donor,2023-04-19
112,Sadie,Maggio,Kerry.Wisoky@yahoo.com,(938) 930-7374,8343 Leffler Spur,New Marcos,IN,97560,,Staff,2023-09-16
113,Cynthia,Konopelski,Kaleigh.Rodriguez@gmail.com,(426) 784-0295,150 Waelchi Walk,Jadeshire,ND,42445,,Event Attendee,2022-02-21
114,Tommie,Batz,Sienna.Barrows@yahoo.com,(672) 604-7692,3486 Depot Street,Battle Creek,VT,35903,16,Executive Director,2025-02-20
115,Tamara,Yundt,Jessica59@hotmail.com,(985) 855-1152,70559 Bergnaum Mission,Yuba City,MI,91640,,Board Member,2022-01-31
116,Amya,Watsica,Luz_Walsh@yahoo.com,(354) 601-4934,624 Virginia Courts,North Dallin,SC,04008,21,Program Officer,2024-08-18
117,Raymond,Lang,Willa_Effertz18@gmail.com,(908) 485-9900,78461 Willow Close,South Aryanna,NV,14355-0773,,Corporate Contact,2020-04-26
118,Constance,Hermiston,Herman7@yahoo.com,(923) 689-7064,1174 Gerard Summit,Goldnerland,IL,55538-5115,,Foundation Contact,2025-08-14
119,Alton,Dooley,Beryl17@hotmail.com,(756) 516-5639,1477 Tremblay Fords,Stanleyside,OH,08312-4231,,Corporate Contact,2021-10-11
120,Skye,Rodriguez,Regina_Cole63@gmail.com,(656) 383-6033,1726 Nelson Street,Olsonbury,SD,57334,,Program Participant,2024-11-27
121,Ayla,Senger,Jessica.Rutherford@yahoo.com,(603) 298-4293,69029 Beryl Mountains,Laredo,WY,09425-3004,,Event Attendee,2025-01-08
122,Chelsea,Schimmel,Sherman_Strosin@yahoo.com,(474) 903-4537,988 Shanahan Freeway,West Jammie,IA,30501-2447,,Foundation Contact,2024-06-08
123,America,Kreiger,Rylee_Lebsack96@gmail.com,(812) 749-0599,46199 Bobbie Circles,College Station,MA,50299,,Volunteer,2024-09-08
124,Lorenz,Williamson,Grant_Williamson@gmail.com,(484) 317-2723,9923 Johnathan Land,Valdosta,MD,88034,10,CSR Manager,2021-05-18
125,Dianne,Kub,Darnell_Hoeger@hotmail.com,(902) 660-4666,14194 Nyah Lodge,Port Sandra,ND,57128,2,CSR Manager,2020-02-14
126,Robyn,Pagac,Gregory.Gusikowski@yahoo.com,(741) 604-5478,115 The Square,Farmington Hills,MI,10922,,Program Participant,2020-07-01
127,Ezekiel,Dibbert,Gerard25@yahoo.com,(415) 820-3758,864 Wilton Hill,Lake Edastead,NJ,82456,,Event Attendee,2024-09-14
128,Gerald,DuBuque,Todd24@hotmail.com,(995) 771-6041,44605 Kieran Pine,Myronborough,RI,46066,,Staff,2021-11-10
129,Frederick,Baumbach,Dallas.Gibson2@gmail.com,(947) 941-5980,691 Thiel Islands,Antoinetteboro,KY,24614-7866,3,Program Officer,2020-10-03
130,Tomas,Erdman,Beaulah_Glover@hotmail.com,(457) 566-7084,34837 Jarrod Well,Ebertmouth,ID,77295,,Board Member,2022-04-12
131,Jimmie,Littel,Ulises.Leannon93@gmail.com,(443) 841-2516,7999 Brenden Fort,Westfield,TX,94040,,Event Attendee,2023-04-07
132,Major,Ullrich,Andrew85@gmail.com,(493) 600-7421,180 Gerson Loaf,West Vinnie,NC,48307,,Program Participant,2023-08-21
133,Cordelia,Graham,Arianna_Crooks@yahoo.com,(461) 528-0982,195 Francis Causeway,Ashburn,NC,92547,,Individual Donor,2020-05-29
134,Cristopher,Leannon,Eloise.Welch@hotmail.com,(624) 579-3045,79918 Maple Road,Rossmouth,ME,51966,7,Executive Director,2020-08-06
135,Jan,Keeling,Marshall.Wolf@gmail.com,(285) 401-8620,643 Marcelo Walks,New Herbertport,IL,45310-7163,,Individual Donor,2022-06-30
136,Marlene,Koelpin,Stacy.Goyette63@gmail.com,(363) 752-6154,68964 Desiree Lights,Fort Freeda,ME,86638,,Volunteer,2020-03-25
137,Marta,King,Kathryn59@hotmail.com,(233) 680-0826,8115 Lincoln Avenue,New Tom,TN,01682-2703,,Event Attendee,2023-01-13
138,Kyle,Gerlach,Katie.Schamberger@gmail.com,(305) 910-7287,464 Kirlin Divide,Junefield,OR,17589-0803,,Staff,2023-04-03
139,Michael,Osinski,Kristina_Renner7@hotmail.com,(878) 292-0926,69361 Hauck Expressway,East Stephon,MD,43794,23,Corporate Contact,2025-03-02
140,Marcus,Turcotte,Eric.Baumbach62@yahoo.com,(243) 521-6523,1108 South View,Ortizport,NC,67532,,Board Member,2023-11-10
141,Kelli,Larson,Anya_Lehner48@hotmail.com,(873) 480-8259,463 Zetta Route,Hermistonton,AK,75803-2409,,Corporate Contact,2021-05-04
142,Tomasa,Turner,Terry.Connelly81@gmail.com,(792) 706-1734,2736 Martin Court,Deliafort,IN,81603-7662,,Program Participant,2022-04-08
143,Ervin,Heaney,Jackie_Ankunding@yahoo.com,(905) 624-6709,32019 Bette Common,Steuberburgh,AK,01425,22,VP of Giving,2021-07-09
144,Gilbert,Klein,Ken.Jerde87@yahoo.com,(566) 585-4048,8410 Maxime Skyway,South Helene,MA,11010,,Foundation Contact,2023-10-06
145,Gwendolyn,Bartoletti,Juan.OConner@yahoo.com,(681) 823-3415,448 Mount Pleasant,Fort Kirstin,ID,80917,,Foundation Contact,2022-05-15
146,Ann,Parisian,Marguerite26@gmail.com,(871) 875-3215,4436 Clarence Street,East Linnie,OR,29060-8568,,Foundation Contact,2020-11-25
147,Lorraine,Bartoletti,Lourdes92@hotmail.com,(772) 362-4774,862 Emely Corners,East Jacklyn,VA,76095,27,Accounts Payable,2022-03-08
148,Rudy,Ernser,Lonnie_Kuphal@yahoo.com,(348) 358-3621,128 Wiza Way,North Meaghan,MN,70811,,Volunteer,2021-01-20
149,Fernando,Lueilwitz,Cecelia.Kshlerin@hotmail.com,(547) 782-6534,22166 S Water Street,Fort Sallieport,NJ,59014-5893,,Staff,2020-04-13
150,Nettie,Haag,Ed_Dach@yahoo.com,(262) 219-8276,460 Windler Mill,North Mckayla,NC,90393,,Event Attendee,2021-07-06
151,Perry,Howe,Brandon5@hotmail.com,(518) 842-6227,10109 Callie Ferry,Madera,ME,33233-6250,,Corporate Contact,2021-02-23
152,Derek,Haag,Afton_Lakin31@gmail.com,(781) 283-5315,2475 Katelin Ranch,Murphyville,OK,04362-5979,,Foundation Contact,2025-11-14
153,Wilfred,Bogan,Roland_Hickle@gmail.com,(205) 675-4303,835 Manchester Road,North Johnathonworth,OH,17866,19,Accounts Payable,2020-03-03
154,Cristobal,Daugherty,Julia29@hotmail.com,(784) 362-4081,847 Schmitt Keys,Koeppshire,MO,78514,,Corporate Contact,2025-10-23
155,Marguerite,Stehr,Erica_Crona13@hotmail.com,(557) 576-1143,631 Kip Junctions,Cecilechester,TX,49350,,Corporate Contact,2023-08-21
156,Lambert,Will,Kaley.Abernathy@hotmail.com,(593) 510-7571,3201 Beverly Ways,East Clyde,NJ,89240,29,Executive Director,2023-11-05
157,Haven,Mann,Marge_Kiehn@yahoo.com,(593) 992-8924,3022 D'Amore Track,Boganfurt,NC,02997-7052,,Volunteer,2021-02-01
158,Christopher,Luettgen-D'Amore,Erica59@gmail.com,(416) 763-2994,541 Lind Brook,Osvaldochester,NY,05753-1848,,Board Member,2023-07-08
159,Joel,Howell,Marcos59@gmail.com,(818) 784-5984,43228 Mariano Curve,North Dominique,RI,24487-5680,,Corporate Contact,2022-06-02
160,Frank,Johnson,Ivan_Friesen@yahoo.com,(991) 399-0019,58062 Elm Street,Pacochaburgh,AK,28846,,Staff,2023-08-17
161,Kristine,Bosco,Janie.Hilpert53@yahoo.com,(384) 504-5571,89142 Eric Creek,Leschville,AL,16353-0214,,Program Participant,2023-12-13
162,Lamar,Walter,Elizabeth72@yahoo.com,(464) 985-6843,238 Lancaster Road,West Ed,FL,24393-0055,1,VP of Giving,2022-07-06
163,Charles,Bradtke,Claire.Feeney@hotmail.com,(265) 918-7131,35491 E 8th Street,Hayesville,TX,65447,,Individual Donor,2020-07-11
164,Molly,Collins,Opal_Zemlak@hotmail.com,(801) 348-3675,6309 Antonina Trafficway,Lake Ernest,MD,34759,,Foundation Contact,2020-04-01
165,Kim,Terry,Madonna2@gmail.com,(512) 256-5886,74563 Chapel Road,Abshireshire,CO,33254,,Event Attendee,2020-03-15
166,Maxime,Goldner,Adrian.Mayert@yahoo.com,(977) 666-6597,820 Larkin Station,Khalidstad,AK,81551-1932,,Corporate Contact,2021-01-10
167,Steve,Koepp,Ellen.Waters57@hotmail.com,(805) 436-8682,5056 Rippin Mountains,North Laurynboro,AR,53763,,Event Attendee,2024-07-12
168,Moses,Schumm,Ginger.Larkin97@hotmail.com,(995) 746-3354,3300 Ara Common,Ashburn,NC,84353,,Staff,2023-05-21
169,Frank,Reichel,Coty.Wolf45@gmail.com,(559) 685-0359,322 Veterans Memorial Drive,Huelmouth,MS,50187,30,Accounts Payable,2022-07-15
170,Norberto,Hauck,Ernestina.Wuckert@hotmail.com,(247) 682-0935,371 Bulah Spurs,Lake Tyler,NE,43469-9884,,Volunteer,2023-12-12
171,Leonard,Frami-Rodriguez,Katrine_Kshlerin40@hotmail.com,(957) 534-4554,51196 Jacobson Unions,Runtebury,WI,81222-8002,,Program Participant,2021-03-14
172,Jane,Prosacco,Van80@yahoo.com,(279) 759-4549,56759 Bath Street,Albertborough,NE,81055-2894,24,VP of Giving,2025-05-05
173,Teresa,Hilll,Melba49@gmail.com,(541) 406-2373,27145 Priory Road,Atlanta,IA,12356,,Staff,2022-04-15
174,Alyssa,Weissnat,Moshe.Jakubowski@yahoo.com,(659) 988-9024,571 Mose Crossroad,West Faye,OK,50836,,Volunteer,2024-05-09
175,Toni,Hauck,Ila_Ebert97@yahoo.com,(565) 870-9786,238 Aric Shores,Champaign,TX,58412-5587,27,CSR Manager,2023-06-28
176,Archibald,Jast,Eunice_Lesch91@yahoo.com,(559) 927-3004,1625 Caterina Islands,New Cloyd,MT,67140,,Board Member,2023-08-04
177,Lamar,Sanford,Roosevelt.Prohaska29@gmail.com,(720) 711-2340,733 Murazik Creek,Port Deshaunbury,UT,36074-8999,16,VP of Giving,2023-01-27
178,Cora,Wolff,Brenda_Schneider62@yahoo.com,(303) 603-1644,9257 Ward Highway,Ashtonfurt,IA,55066,,Program Participant,2021-02-18
179,Ernesto,Osinski,Aurelie36@gmail.com,(546) 805-1334,1104 Cavendish Road,Redlands,NY,81565-8065,,Staff,2022-04-11
180,Ronald,Berge,Molly.Ernser54@gmail.com,(398) 343-7517,3343 Grayce Bridge,D'Amoreton,NC,84276-2919,,Event Attendee,2025-02-28
181,Irving,Robel,Savanna_Crona@hotmail.com,(419) 240-4531,7755 Edna Crossing,East Josiane,NH,16852-2037,,Foundation Contact,2020-04-14
182,Gilbert,McClure,Geneva_Haley@yahoo.com,(423) 894-3845,75872 The Dell,East Abdiel,MN,51822,22,Executive Director,2022-11-19
183,Mona,Ratke,Reid.Cassin@yahoo.com,(876) 703-6008,367 Alfred Viaduct,North Jerald,RI,22915,,Board Member,2025-07-21
184,Lyle,Davis-Runolfsson,Phyllis.Ziemann@hotmail.com,(569) 670-2502,1255 Railroad Street,Tomfield,HI,65776,30,Program Officer,2025-12-02
185,Randy,Mertz,Marcella.Donnelly@hotmail.com,(676) 581-9108,78892 Cavendish Road,Rosendobury,NJ,69058-4053,,Individual Donor,2020-12-05
186,Matilde,Donnelly,Kendra.Miller@yahoo.com,(754) 639-0688,37087 Brook Lane,Parisianhaven,AZ,31593,,Event Attendee,2025-01-26
187,Avery,Wehner,Jennifer_Moen53@gmail.com,(598) 981-2031,7879 Adolfo Plains,West Erwin,IN,45632-1377,6,Corporate Contact,2024-01-01
188,Kate,Brekke,Violet48@yahoo.com,(963) 639-8532,84348 Ruthie Underpass,Highlands Ranch,HI,31648,18,VP of Giving,2020-03-11
189,Montana,Labadie,Blanca0@gmail.com,(398) 760-9886,9250 Cherry Tree Close,New Norris,NM,07984,,Corporate Contact,2025-06-04
190,Patsy,Gerlach,Charles89@gmail.com,(863) 922-4095,6406 Lincoln Road,Farrellburgh,FL,88357,,Event Attendee,2021-06-12
191,Nathaniel,Langworth,Andrea.Botsford@gmail.com,(270) 387-0848,7926 Batz Branch,Lake Kenyastad,AK,93677,30,CSR Manager,2023-02-12
192,Ed,Johnson,Robbie.Krajcik91@gmail.com,(534) 551-5210,467 Meadow Drive,South Lucienne,MO,81163-0829,,Program Participant,2024-04-21
193,Claire,Cronin,Alfredo90@gmail.com,(635) 267-9205,812 Harris Terrace,Piperstead,RI,82524,,Board Member,2021-11-28
194,Aisha,Bauch,Larry68@hotmail.com,(980) 533-4349,94683 Jast Highway,Sioux Falls,CO,40615,30,Foundation Contact,2020-01-16
195,Scottie,Sporer,Woodrow.Upton90@yahoo.com,(929) 275-4271,3901 Harry Falls,Savannahcester,NH,61724,,Staff,2022-02-07
196,Neal,Kuhlman,Kurt7@yahoo.com,(516) 989-8038,6639 Kohler Wells,Chaunceymouth,SD,77288-1198,,Board Member,2025-05-11
197,Angel,O'Conner,Emma.Wiza@hotmail.com,(617) 822-9860,6146 Oscar Stream,Port Beau,TN,06493,,Event Attendee,2021-09-21
198,Noe,Gleichner-Rau,Winston_Skiles-Turner45@hotmail.com,(405) 659-9134,8558 Chapel Hill,Kerlukeboro,AZ,32672,,Program Participant,2020-04-18
199,Emory,Feil,Jonathon2@gmail.com,(474) 557-2153,6465 S Jefferson Street,Marielleside,MI,75080,,Individual Donor,2024-06-28
200,Hilario,Maggio,Myrna_Jast86@hotmail.com,(344) 657-5183,290 Alyce Ranch,Jonesboro,WA,68239-9991,,Foundation Contact,2024-12-10
